{"epoch":20,"nmi":0.4278,"average_loss ":5.2894,"_timestamp":1.7404844536050885e+09,"_runtime":6.273004513,"_step":19,"_wandb":{"runtime":6}}