{"_timestamp":1.740484177597518e+09,"_runtime":6.467406635,"_step":19,"epoch":20,"nmi":5.2894,"_wandb":{"runtime":6},"average_loss ":0.4278}