{"epoch":20,"_wandb":{"runtime":7},"nmi":0.6353725833434658,"average_loss ":5.342706843168156,"_timestamp":1.740484035853184e+09,"_runtime":7.114396963,"_step":19}